"家庭住宅及主要設備概況","總平均%","新北市%","臺北市%","桃園市%","臺中市%","臺南市%","高雄市%","宜蘭縣%","新竹縣%","苗栗縣%","彰化縣%","南投縣%","雲林縣%","嘉義縣%","屏東縣%","臺東縣%","花蓮縣%","澎湖縣%","基隆市%","新竹市%","嘉義市%"
"住宅所有權為自有(戶內經常居住成員所擁有)","83.95","81.59","82.2","83.7","79.8","86.54","84.27","85.05","90.32","88.31","86.15","88.78","87.56","90","85.59","83.33","80.7","82.55","88.36","89.66","86.52"
"住宅所有權為不住在一起的配偶、父母或子女所擁有","5.61","7.27","4.6","5.35","7.95","4.65","5.14","7.73","4.28","3.08","4.75","2.67","7.15","2.4","5.21","3.15","5.48","7","3.53","2.34","4.46"
"住宅所有權為租押","7.62","9.55","9.31","8.85","9.18","6.21","7.69","5.19","4.06","4.21","6.03","4.71","2.28","4.2","5.29","5.35","10.02","1.96","3.86","5.97","6.78"
"住宅所有權為其他(含配住及借用)","2.82","1.6","3.89","2.11","3.07","2.59","2.89","2.03","1.34","4.4","3.08","3.84","3","3.4","3.91","8.17","3.8","8.49","4.24","2.03","2.24"
"住宅用途為專用","96.55","97.5","99.05","96.47","97.41","94.74","97.25","95.77","94.02","96.54","95.37","90.67","93.8","90.12","96.02","94.63","94.03","98.49","98.71","98.08","92.26"
"住宅用途為併用","3.45","2.5","0.95","3.53","2.59","5.26","2.75","4.23","5.98","3.46","4.63","9.33","6.2","9.88","3.98","5.37","5.97","1.51","1.29","1.92","7.74"
"建築式樣為平房","6.84","2.14","0.95","3.06","4.96","9.51","4.54","7.24","5.99","9.84","15.56","20.15","21.33","27.26","13.76","33.97","25.51","24.71","5.89","3.1","3.85"
"建築式樣為二至三層樓","35.25","12.95","5.85","36.36","37.51","46.89","30.81","74.16","46.54","62.58","63.07","62.3","72.12","65.42","69.17","61.7","64.12","53.3","14.2","32.92","48.18"
"建築式樣為四至五層樓","30.78","45.26","50.32","25.85","29.59","29.46","30.07","12.77","23.17","19.4","17.55","15.85","4.71","7.32","12.56","3.61","8.36","17.5","35.64","32.59","26.67"
"建築式樣為六層樓以上","27.13","39.65","42.88","34.73","27.95","14.14","34.58","5.83","24.31","8.18","3.81","1.69","1.84","0","4.5","0.72","2.01","4.49","44.27","31.39","21.29"
"具有自來水設備","97.85","100","100","98.49","99.25","99.94","98.64","98.55","92.96","90.29","97.38","91.41","99.74","98.62","72.81","93.66","94.53","99.49","100","100","100"
"有車家庭停車位為自有","49.98","36.45","27.69","51.18","48.58","58.42","47.82","59.21","70.26","57.74","49.1","54.44","67.88","71.25","69.37","48.86","54.97","58.29","51.45","69.55","48.33"
"有車家庭停車位為租借","16.46","31.63","37.74","18.21","13.55","7.89","17.67","8.94","4.48","6.91","5.59","3.95","4.12","2.12","8.65","1.89","6.89","7.16","9.99","16.06","9.98"
"有車家庭停車位為無停車位","33.56","31.92","34.56","30.61","37.87","33.7","34.51","31.85","25.26","35.35","45.31","41.61","28","26.64","21.98","49.26","38.14","34.54","38.56","14.39","41.69"
"每戶建坪平均數(坪)","40.16","29.53","28.42","43.82","46.92","44.47","39.95","50.91","49.49","51.78","48.8","49.49","41.52","41.86","50.93","43.33","40.62","43.47","30.77","47.73","42.53"
"每戶建坪中位數(坪)","35","26","27","38","43","43","34","48","45","50","47","48","40","40","50","40","36","41","28","40","39"
"彩色電視機普及率","97.65","99.33","98.66","98.6","96.76","96.94","96.76","96.6","98.84","97.21","97.21","96.07","98.7","97.13","96.47","91.1","95.4","97.48","98.08","93.44","97.46"
"數位影音光碟機普及率","4.84","5.41","8.66","4.74","5.59","3.95","4.03","2.56","8.57","3.92","2.33","3.01","1.52","2.13","1.7","3.14","3.73","2.03","4.8","5.3","1.92"
"攝影機普及率","2.42","2.61","3.46","3.02","2.21","2.29","1.45","2.33","4.01","2.91","1.76","0.63","1.04","1.86","2.18","2.15","1.16","0.48","4.64","2.92","1.93"
"音響普及率","12.63","14.55","18.2","13.86","12.83","10.83","10.59","7.7","24.82","15.65","5.77","10.28","4.18","6.69","5.87","8.89","9.47","5.89","11.99","17.74","8.03"
"鋼琴(含電子琴)普及率","5.66","2.24","9.69","6.06","7.01","5.92","6.82","1.8","11.45","5.57","3.57","3.12","1.01","2.89","3.59","5.02","4.03","3.38","4.55","14.06","8.4"
"數位相機普及率","5.69","6.66","7.75","7.94","5.05","5.26","6.01","1.75","5.73","3.35","3.68","0.66","2.04","0.32","3.1","5.64","5.41","2.05","6.2","9.5","4.13"
"電視遊樂器普及率","11.46","16.11","13.85","13.17","11.2","9.16","12.52","5.43","22.27","7.25","4.25","2.29","2.61","2.24","4.52","3.93","5.99","2.9","10.65","19.41","5.16"
"有線電視頻道設備(含多媒體隨選視訊)普及率","80.44","89.31","94.66","78.36","72.1","77.11","82.2","80.34","74.98","80.46","66.94","73.04","73.62","64.84","74.27","67.63","68.98","77.94","88.15","75.74","69.63"
"家用電腦普及率","68.06","75.18","78.9","73.39","71.63","68.23","73.78","55.27","75.41","61.87","51.17","50.8","34.55","41.54","44.88","34.77","44.61","39.59","61.67","77.24","66.73"
"電話機普及率","73.76","76.87","82.63","64.74","69.97","77.51","69.09","73.1","61.91","74.26","80.46","81.98","84.76","83.15","71.81","50.48","54.9","84.07","74.77","63.92","81.68"
"行動電話普及率","98.04","99.21","99.3","98.6","98.95","97.89","98.72","96.58","97.77","96.55","93.6","95.91","92.56","94.78","96.43","96.16","97.45","94.19","99.71","98","98.06"
"連網(使用電腦或其他設備)普及率","96.88","98.98","99","97.86","98.4","97.2","98.44","95.5","96.86","93.17","90.17","90.91","89.28","90.26","90.89","96.83","95.18","87.22","98.32","96.3","96.45"
"汽車普及率","60.74","44.17","45.07","73.85","70.58","66.7","64","69.51","80.05","71.78","65.83","72.07","61.57","61.48","65.42","58.04","61.26","45.38","46.54","66.97","67.08"
"機車普及率","83.21","78.7","55.48","84.64","88.24","93.68","92.08","85.66","83.49","87.03","88.81","84.96","92.59","85.73","93.82","90.79","84.54","89.66","69.66","91.3","93.88"
"電磁爐普及率","32.72","41.96","34.69","39.64","28.62","31.57","29.04","25.78","25.9","28.17","20.11","30.29","18.01","20.41","22.76","22.82","25.82","16.38","51.33","50.32","33.9"
"冷暖氣機普及率","97.62","99.88","99.6","97.9","96.83","97.52","98.31","97.44","98.39","94.66","96.85","83.34","96.18","96.27","94.65","88.97","93.94","96.86","97.74","98.02","98.07"
"除濕機普及率","47.52","64.69","66.49","67.6","36.37","29.73","29.31","69.05","64.81","49.54","24.5","30.74","13.02","16.69","20.59","19.08","39.08","39.51","91.87","71.92","28.99"
"洗衣機普及率","99.33","100","99.75","99.2","99.36","99.27","99.04","98.35","100","98.42","98.1","98.73","99.21","99.28","99.18","99.32","99.16","100","99.32","99.35","98.08"
"烘衣機普及率","14.74","15.53","16.32","25.77","15.39","7.03","5.24","22.9","38.62","26.95","9.42","15.5","3.67","10.98","4.83","7.48","12.62","3.94","19.43","33.52","3.85"
"空氣清淨機普及率","30.2","33.54","34.49","32.51","32.57","28.43","37.5","14.43","35.92","22.27","22.91","17.64","8.93","10.3","21.94","10.4","15.95","7.94","23.49","52.2","26.36"
"濾水器普及率","44.65","47.94","49.79","52.03","52.15","43.28","45.46","26.97","56.08","38.86","29.09","27.31","25.26","35","25.3","22","21.64","10.91","43.92","69.33","43.19"
"吸塵器普及率","54.18","59.8","65.42","58.42","54.63","47.55","59.55","43.88","67.84","57.47","34.3","39.02","23.64","37.97","29.36","35.9","41.11","25.05","60.1","72.43","59.97"
"熱水器普及率","99.8","100","100","99.87","99.85","99.8","99.67","99.45","100","99.73","99.67","98.93","100","99.72","99.33","100","99.72","100","99.33","100","98.71"
"開飲機普及率","35.45","34.98","23.12","42.37","36.97","29.35","28.37","39.96","52.56","51.73","49.34","33.8","44.4","34.25","44.8","35.55","50.97","57.73","25.04","37.7","15.04"
"微波爐普及率","51.36","59.03","58.24","62.9","52.12","44.66","45.01","37.15","59.53","45.87","42.94","40.92","40.9","29.72","39.74","36.46","30.85","37.94","53.77","67.43","42.12"
"報紙普及率","4.36","3.71","3.7","3.92","4.46","6.76","4.8","2.06","3.63","4.03","5.1","6.14","3.91","6.77","2.1","4.29","3.45","1.03","3.54","5.67","7.44"
"期刊雜誌普及率","1.71","2.05","2.45","1.33","1.74","1.32","1.46","1.73","2.29","0.33","1.78","1.37","0.49","0.31","1.45","0","0","0","0.64","4.33","6.5"
"彩色電視機每百戶擁有數","138.72","125.52","132.34","146.32","141.83","144.5","147.93","148.41","151.1","155.99","138.79","135.05","123.14","132.11","138.66","126.26","131.67","150.32","152.59","147.82","126.73"
"數位影音光碟機每百戶擁有數","5.03","5.45","9.21","4.81","5.89","4.22","4.12","2.78","8.57","4.23","2.51","3.67","1.52","2.13","1.7","3.14","3.73","2.03","4.8","5.98","1.92"
"攝影機每百戶擁有數","2.85","3.02","4.26","3.23","2.71","2.56","1.71","2.33","6.37","3.23","1.76","0.63","1.04","2.24","3.22","2.15","1.16","0.95","5.64","3.23","2.26"
"音響每百戶擁有數","13.19","14.59","19.9","14.66","13.28","11.56","11","8.3","25.97","16.04","5.77","11.22","4.42","6.69","6.72","8.89","9.76","6.39","12.33","18.43","8.03"
"鋼琴(含電子琴)每百戶擁有數","5.84","2.24","10.04","6.32","7.16","6.05","7.03","1.8","12.02","5.57","3.73","3.12","1.01","2.89","3.59","5.38","4.03","3.38","4.88","15.32","9.03"
"數位相機每百戶擁有數","6.46","7.43","10.04","8.53","5.95","5.79","6.65","2.05","6.02","3.96","3.86","0.66","2.04","0.32","3.3","7.02","5.41","2.05","6.2","10.82","4.77"
"電視遊樂器每百戶擁有數","12.78","16.95","16","15.23","12.9","9.96","14.04","5.43","27.13","8.17","4.96","2.83","2.61","2.84","5.19","3.93","5.99","3.38","12.25","21.06","5.16"
"有線電視頻道設備(含多媒體隨選視訊)每百戶擁有數","81.52","89.92","94.76","79.3","73.81","78.36","82.64","83.02","77.09","80.76","69.4","74.05","74.12","66.1","75.32","68.72","69.55","79.41","95.86","77.75","69.95"
"家用電腦每百戶擁有數","117.77","121.7","148.85","135.07","126.76","115.64","140.93","87.3","141.53","91.23","69.33","73.22","44.77","60.43","69.65","49.09","60.86","62.7","101.97","148.9","115.2"
"電話機每百戶擁有數","74.67","76.91","85.13","65.8","70.67","78.37","69.58","74.81","64.14","74.88","81.91","81.98","85","83.84","73.08","51.23","55.18","84.07","75.07","66.24","83.94"
"行動電話每百戶擁有數","234.53","236.1","246.85","252.68","241.65","229.64","239.94","234.42","234.77","244.07","207.96","221.27","206.67","198.09","217.81","200.37","193.77","200.38","228.13","230.87","223.05"
"汽車每百戶擁有數","72.68","46.2","46.97","92.17","88.62","81.82","74.44","88.53","110.93","96.51","83.44","94.39","76.06","76.12","76.46","74.61","69.22","51.32","50.08","88.14","84.85"
"機車每百戶擁有數","148.32","128.35","79.35","154.07","162.47","181.45","183.9","153.04","138.6","171.02","158.68","151.59","166.1","143.21","180.19","141.73","129.06","164.14","100.04","171.2","179.79"
"電磁爐每百戶擁有數","33.36","42.37","35.44","40.25","29.17","32.37","29.55","26.96","27.03","29.8","20.29","30.67","18.01","20.41","24.02","23.16","26.1","16.38","51.97","54.02","33.9"
"冷暖氣機每百戶擁有數","279.86","275.51","283.99","289.41","290.19","288.31","291.48","281.03","311.95","292.56","255.77","189.31","258","260.1","261.55","211.69","222.43","264.67","265.13","330.52","290.76"
"除濕機每百戶擁有數","63.9","77.63","86.97","101.17","45.72","39.54","37.95","120.56","104.98","69.14","30.51","37.95","18.95","20.25","24.51","27.64","49.81","48.83","155.93","112.13","35.74"
"洗衣機每百戶擁有數","103.58","100.6","99.9","104.97","103.86","107.87","105.24","107.45","107.21","104.07","101.1","104.18","102.21","105.38","105.91","110.53","104.61","104.23","100.91","106.69","102.28"
"烘衣機每百戶擁有數","14.77","15.53","16.32","25.84","15.44","7.03","5.24","23.18","38.62","27.25","9.6","15.5","3.67","10.98","4.83","7.83","12.62","3.94","19.43","33.52","3.85"
"空氣清淨機每百戶擁有數","38.61","37.24","42.74","42.3","45.54","38.25","50.26","15.87","54.85","29.4","29.06","22.82","11.87","12.87","27.65","13.65","17.66","8.99","29.25","70.92","33.46"
"濾水器每百戶擁有數","45.02","47.98","49.95","52.56","52.7","43.61","45.74","27.24","57.25","39.49","29.48","27.31","25.53","35","26.35","22","21.92","10.91","44.24","71.34","44.47"
"吸塵器每百戶擁有數","63.97","64.22","72.67","70.57","66.82","59.37","74.12","53.94","89.01","74.04","40.41","45.8","25.52","42.43","36.98","42","48.23","26.53","66.55","99.66","70.05"
"熱水器每百戶擁有數","108.82","100.49","101","114.07","117.66","109","104.86","121.24","123.72","142.24","104.77","106.19","106.66","109.42","104.4","113.01","114.41","106.93","100.32","130.38","107.44"
"開飲機每百戶擁有數","36","35.05","23.12","43.78","37.62","29.88","28.96","41.34","53.11","53.89","50.41","33.8","44.92","34.25","45","37.38","50.97","57.73","25.04","39.38","15.04"
"微波爐每百戶擁有數","51.57","59.07","58.54","62.97","52.23","45","45.29","37.74","60.11","46.49","43.14","41.26","41.17","29.72","39.95","36.82","31.42","37.94","53.77","67.77","42.12"
"報紙每百戶擁有數","4.44","3.79","3.9","3.99","4.57","6.83","4.85","2.06","3.63","4.03","5.1","6.14","3.91","6.77","2.1","4.29","3.45","1.55","3.87","5.67","7.76"
"期刊雜誌每百戶擁有數","1.92","2.09","2.96","1.59","1.94","1.58","1.74","1.73","2.29","0.33","1.78","1.37","0.49","0.62","2.07","0","0","0","0.64","5.36","6.5"
