西元年,單位,總發電量_全國(統計數值),抽蓄水力_全國(統計數值),火力_全國(統計數值),火力_燃煤_全國(統計數值),火力_燃油_全國(統計數值),火力_燃氣_全國(統計數值),核能_全國(統計數值),再生能源_全國(統計數值),再生能源_慣常水力_全國(統計數值),再生能源_地熱_全國(統計數值),再生能源_太陽光電_全國(統計數值),再生能源_風力_全國(統計數值),再生能源_生質能_全國(統計數值),再生能源_廢棄物_全國(統計數值),總發電量_台電(統計數值),抽蓄水力_台電(統計數值),火力_台電(統計數值),火力_燃煤_台電(統計數值),火力_燃油_台電(統計數值),火力_燃氣_台電(統計數值),核能_台電(統計數值),再生能源_台電(統計數值),再生能源_慣常水力_台電(統計數值),再生能源_地熱_台電(統計數值),再生能源_太陽光電_台電(統計數值),再生能源_風力_台電(統計數值),總發電量_民營電廠(統計數值),火力_民營電廠(統計數值),火力_燃煤_民營電廠(統計數值),火力_燃氣_民營電廠(統計數值),再生能源_民營電廠(統計數值),再生能源_慣常水力_民營電廠(統計數值),再生能源_地熱_民營電廠(統計數值),再生能源_太陽光電_民營電廠(統計數值),再生能源_風力_民營電廠(統計數值),總發電量_自用發電設備(統計數值),火力_自用發電設備(統計數值),火力_燃煤_自用發電設備(統計數值),火力_燃油_自用發電設備(統計數值),火力_燃氣_自用發電設備(統計數值),再生能源_自用發電設備(統計數值),再生能源_慣常水力_自用發電設備(統計數值),再生能源_地熱_自用發電設備(統計數值),再生能源_太陽光電_自用發電設備(統計數值),再生能源_風力_自用發電設備(統計數值),再生能源_生質能_自用發電設備(統計數值),再生能源_廢棄物_自用發電設備(統計數值)
2005,百萬度,227512.250103967,3838.51825,176160.778896739,120044.189024724,17200.781677366,38915.808194649,39972.008,7540.944957228,4071.373596,0,0.96,91.300426,323.477937784,3053.832997444,147466.595023,3838.51825,99551.530939,65769.881649,10919.572807,22862.076483,39972.008,4104.537834,4027.543073,0,0,76.994761,37564.4264,37520.595877,21971.547503,15549.048374,43.830523,43.830523,0,0,0,42481.228680967,39088.652080739,32302.759872724,6281.208870366,504.683337649,3392.576600228,0,0,0.96,14.305665,323.477937784,3053.832997444
2006,百萬度,235530.125534959,3910.666721,184005.112599786,124048.803470219,19846.587058201,40109.722071366,39870.4978,7743.848414173,4088.350767,0,1.457,276.074732,321.292224141,3056.673691032,156172.649602,3910.666721,108189.145303,68793.988027,14465.002744,24930.154532,39870.4978,4202.339778,4028.148429,0,0,174.191349,37025.991072,36875.636987,22190.823454,14684.813533,150.354085,60.202338,0,0,90.151747,42331.484860959,38940.330309786,33063.991989219,5381.584314201,494.754006366,3391.154551173,0,0,1.457,11.731636,321.292224141,3056.673691032
2007,百萬度,243116.583980958,3932.70126,190319.910786254,128462.814514698,16823.862706273,45033.233565283,40539.16,8324.811934704,4417.549905,0,2.18,439.534507,302.26746282,3163.280059884,161152.648897,3932.70126,112082.289267,70657.377679,12198.480954,29226.430634,40539.16,4598.49837,4322.035413,0,0,276.462957,37643.442498,37395.026035,22342.978814,15052.047221,248.416463,95.514492,0,0,152.901971,44320.492585958,40842.595484254,35462.458021698,4625.381752273,754.755710283,3477.897101704,0,0,2.18,10.169579,302.26746282,3163.280059884
2008,百萬度,238305.365302959,3467.1645,185752.281676961,122201.790850544,15038.686699867,48511.80412655,40826.8596,8259.059525998,4305.105175,0,4.473143,588.265167,272.488618017,3088.727422981,162044.704469,3467.1645,113317.123961,69218.3003,11446.325787,32652.497874,40826.8596,4433.556408,4160.770365,0,0.096286,272.689757,36930.987497,36480.256784,21361.037957,15119.218827,450.730713,144.33481,0,0,306.395903,39329.673336959,35954.900931961,31622.452593544,3592.360912867,740.08742555,3374.772404998,0,0,4.376857,9.179507,272.488618017,3088.727422981
2009,百萬度,230037.159329963,3305.104383,177351.401062167,120667.963627329,9402.803992879,47280.633441959,41571.1288,7809.525084796,3748.28819,0,9.112535,786.635449,229.349505573,3036.139405223,150129.584693,3305.104383,101280.104657,64304.685246,6126.430248,30848.989163,41571.1288,3973.246853,3601.469201,0,0.098128,371.679524,40172.427933,39618.930041,23906.526182,15712.403859,553.497892,146.818989,0,0,406.678903,39735.146703963,36452.366364167,32456.752199329,3276.373744879,719.240419959,3282.780339796,0,0,9.014407,8.277022,229.349505573,3036.139405223
2010,百萬度,247058.866974961,3060.998999,193729.420833419,122352.724315512,11130.82776258,60245.868755327,41628.6891,8639.758042542,4194.101306,0,21.727004,1026.337795,270.037645284,3127.554292258,165008.727945,3060.998999,115726.624641,64902.220657,8254.656848,42569.747136,41628.6891,4592.415205,4073.351615,0,3.860211,515.203379,41422.661976,40801.075196,24070.030627,16731.044569,621.58678,120.749691,0,0,500.837089,40627.477053961,37201.720996419,33380.473031512,2876.17091458,945.077050327,3425.756057542,0,0,17.866793,10.297327,270.037645284,3127.554292258
2011,百萬度,252167.014235958,2902.108,198161.354416122,124467.954225931,9487.809302338,64205.590887853,42116.4908,8987.061019836,3999.726499,0,61.622537,1492.676671,236.091087292,3196.944225544,170066.874816,2902.108,120353.48123,67896.792575,7307.676672,45149.011983,42116.4908,4694.794786,3883.184434,0,8.643787,802.966565,42280.370382,41480.573862,23225.540483,18255.033379,799.79652,116.542065,0,0,683.254455,39819.769037958,36327.299324122,33345.621167931,2180.132630338,801.545525853,3492.469713836,0,0,52.97875,6.455651,236.091087292,3196.944225544
2012,百萬度,250373.42481296,2936.9005,196352.086803891,122436.775864632,7623.246380769,66292.06455849,40421.7298,10662.707709069,5669.557962,0,159.869831,1413.468482,242.070124744,3177.741309325,172749.573371,2936.9005,123128.864109,67500.061161,5659.842872,49968.960076,40421.7298,6262.078962,5512.326012,0,13.207962,736.544988,40059.547978,39233.982837,23680.67685,15553.305987,825.565141,157.23195,0,0,668.333191,37564.30346396,33989.239857891,31256.037853632,1963.403508769,769.79849549,3575.063606069,0,0,146.661869,8.590303,242.070124744,3177.741309325
2013,百萬度,252340.814503947,3187.087,196656.221589804,121449.089964881,6818.130978999,68389.000645924,41639.36,10858.145914143,5422.889721,0,321.096236,1640.007611,228.480693489,3245.671652654,171278.224224,3187.087,120414.143652,63813.0316,5275.254669,51325.857383,41639.36,6037.633572,5272.801374,0,16.75795,748.074248,40531.541412,39491.842188,23077.629436,16414.212752,1039.699224,150.088347,0,5.815811,883.795066,40531.048867947,36750.235749804,34558.428928881,1542.876309999,648.930510924,3780.813118143,0,0,298.522475,8.138297,228.480693489,3245.671652654
2014,百萬度,259963.935447945,3121.17,204528.72473619,123444.701742587,8013.868252256,73070.154741347,42388.975,9925.065711755,4317.861918,0,528.762129,1500.484383,252.466961581,3325.490320174,176094.86721,3121.17,125672.144761,64167.106,6603.513718,54901.525043,42388.975,4912.577449,4183.094093,0,22.947054,706.536302,41626.407092,40684.862583,23107.24916,17577.613423,941.544509,134.767825,0,19.851495,786.925189,42242.661145945,38171.71739219,36170.346582587,1410.354534256,591.016275347,4070.943753755,0,0,485.96358,7.022892,252.466961581,3325.490320174
2015,百萬度,258141.887703948,3034.955741,208156.978800991,117158.800891829,11989.152843338,79009.025065824,36471.1206,10478.832561957,4470.146125,0,850.267948,1525.235707,248.990698738,3384.192083219,175674.42545,3034.955741,131068.098187,60084.901607,10687.787556,60295.409024,36471.1206,5100.250922,4358.533735,0,25.248007,716.46918,42322.533122,41381.872923,23126.537168,18255.335755,940.660199,111.61239,0,29.824561,799.223248,40144.929131948,35707.007690991,33947.362116829,1301.365287338,458.280286824,4437.921440957,0,0,795.19538,9.543279,248.990698738,3384.192083219
2016,百萬度,264107.656990959,3293.665,216419.874555925,121224.994054977,11891.269749382,83303.610751566,31661.3626,12732.754835034,6562.040858,0,1109.00465,1457.101846,208.055709783,3396.551771251,181164.276459,3293.665,139144.416919,65259.731603,10447.924348,63436.760968,31661.3626,7064.83194,6395.868458,0,23.225684,645.737798,43407.345439,42401.396571,22921.927133,19479.469438,1005.948868,166.1724,0,35.969501,803.806967,39536.035092959,34874.061065925,33043.335318977,1443.345401382,387.380345566,4661.974027034,0,0,1049.809465,7.557081,208.055709783,3396.551771251
2017,百萬度,270256.406646949,3333.677,232107.886416143,127949.458268685,12716.733866543,91441.694280915,22445.5308,12369.312430806,5446.814787,0,1667.452949,1722.458624,191.585375949,3341.000694857,187715.596963,3333.677,155864.05066,73239.133653,11595.330882,71029.586125,22445.5308,6072.338503,5302.422095,0,24.142739,745.773669,43695.369054,42512.977356,22580.785856,19932.1915,1182.391698,144.392692,0,69.769411,968.229595,38845.440629949,33730.858400143,32129.538759685,1121.402984543,479.916655915,5114.582229806,0,0,1573.540799,8.45536,191.585375949,3341.000694857
2018,百萬度,275497.102025252,3370.774,231837.034835492,131256.651311427,8171.399997244,92408.983526821,27678.3122,12610.98098976,4481.644615,0.001473,2661.60142031,1709.487194,191.649314773,3566.596972677,190027.202857,3370.774,153859.636793,74794.536289,6750.636925,72314.463579,27678.3122,5118.479864,4334.156988,0,31.748106,752.57477,41951.09442031,40791.90884,21177.650098,19614.258742,1159.18558031,147.487627,0,84.74003331,926.95792,43518.804747942,37185.489202492,35284.464924427,1420.763072244,480.261205821,6333.31554545,0,0.001473,2545.113281,29.954504,191.649314773,3566.596972677
2019,百萬度,274141.191364737,3208.101,223395.835653436,126400.798626748,5849.564603571,91145.472423117,32323.432,15213.822711301,5544.795913,0.756709,3964.6563578,1892.231711,176.520875277,3634.861145224,187944.763256,3208.101,146066.663865,71320.565429,4557.867326,70188.23111,32323.432,6346.566391,5416.741064,0,149.904538,779.920789,42580.2543028,41231.69896,20727.816014,20503.882946,1348.5553428,128.054849,0,137.4805788,1083.019915,43616.173805937,36097.472828436,34352.417183748,1291.697277571,453.358367117,7518.700977501,0,0.756709,3677.271241,29.291007,176.520875277,3634.861145224
2020,百萬度,280172.269321828,3158.91689,230214.280427881,125907.401826568,4419.615509827,99887.263091486,31440.24503,15358.826973947,3019.152286,1.911729,6247.39293088,2308.871786,211.753876417,3569.74436565,191100.110143,3158.91689,152523.011943,70151.200794,3137.562525,79234.248624,31440.24503,3977.93628,2925.687398,0,258.36739,793.881492,44850.00329288,42567.21201,22314.150209,20253.061801,2282.79128288,93.1534,0,696.59762788,1493.040255,44222.155885948,35124.056474881,33442.050823568,1282.052984827,399.952666486,9098.099411067,0.311488,1.911729,5292.427913,21.950039,211.753876417,3569.74436565
2021,百萬度,291413.99686453,3184.025,242530.321712103,128840.416219735,5331.105049328,108358.80044304,27787.94758,17911.702572427,3474.66253497,9.07384501,8350.96095629,2270.78386033,201.707476824,3604.513899003,196677.440553,3184.025,161116.154667,73435.003283,4057.441651,83623.709733,27787.94758,4589.313306,3376.530353,0,412.51055,800.272403,47758.3458246,44561.609987,20301.922943,24259.687044,3196.7358376,96.95150497,9.06641001,1626.74921729,1463.96870533,46978.21048693,36852.557058103,35103.489993735,1273.663398328,475.40366604,10125.653428827,1.180677,0.007435,6311.701189,6.542752,201.707476824,3604.513899003
2022,百萬度,288408.302067869,3062.193,237480.448712962,121025.04370364,4449.469284841,112005.935724481,23754.82399,24110.836364907,5836.50266401,25.00771,10898.81842392,3577.47227299,164.213814059,3608.821479928,195780.500158,3062.193,161748.913695,71921.687313,3586.105066,86241.121316,23754.82399,7214.569473,5701.21866,0,406.5358,1106.815013,50879.11687892,45664.458196,20845.55025,24818.907946,5214.65868292,129.29808801,22.81949,2598.35758592,2464.18351899,41748.685030949,30067.076821962,28257.80614064,863.364218841,945.906462481,11681.608208987,5.985916,2.18822,7893.925038,6.473741,164.213814059,3608.821479928
2023,百萬度,282859.165983325,3051.126,234573.995603571,119168.273904964,3776.122787844,111629.598910763,17801.95228,27432.092099754,3963.919556,23.164354,13340.3512854,6238.28652899,244.040018872,3622.330356492,181388.802855,3051.126,155347.751868,67970.028155,3146.363375,84231.360338,17801.95228,5187.972707,3882.041703,1.985169,398.782777,905.163058,56644.36691339,47388.714825,21154.856262,26233.858563,9255.65208839,76.749177,15.865862,3830.3218444,5332.71520499,44825.996214935,31837.528910571,30043.389487964,629.759412844,1164.380009763,12988.467304364,5.128676,5.313323,9111.246664,0.408266,244.040018872,3622.330356492
2024,百萬度,289385.9423072,3075.312228,240001.193596886,113309.975728442,4187.82247172,122503.395396724,12180.27576,34129.160722314,4210.63767799,26.740734,15498.62538828,10509.81145099,237.409188782,3645.936282272,178719.450931,3075.312228,157998.62981,63567.666401,3538.816567,90892.146842,12180.27576,5465.233133,4070.369572,4.765892,407.486616,982.611053,64472.06500826,49946.48944,19820.993566,30125.495874,14525.57556826,136.16496099,12.249293,4852.23744428,9524.92386999,46194.42636794,32056.074346886,29921.315761442,649.00590472,1485.752680724,14138.352021054,4.103145,9.725549,10238.901328,2.276528,237.409188782,3645.936282272
2025,百萬度,289705.181730714,3102.211,244768.30351339,102237.058065538,4372.163511619,138159.081936233,3237.42434,38597.242877324,5506.148836,25.842798,16739.15266588,12203.28770991,273.082814069,3849.728053465,174851.076018,3102.211,161754.224695,55328.049824,3648.038172,102778.136699,3237.42434,6757.215983,5357.812308,3.903773,402.900055,992.599847,66699.72811978,50367.66952399,16510.478414,33857.19110999,16332.05859579,133.684402,15.1509,4974.56071288,11208.66258091,48154.377592934,32646.4092944,30398.529827538,724.125339619,1523.754127243,15507.968298534,14.652126,6.788125,11361.691898,2.025282,273.082814069,3849.728053465
