西元年,初級能源密集度(公升油當量/千元)(數值),能源消費密集度(公升油當量/千元)(數值),工業部門能源密集度(公升油當量/千元)(數值),服務業部門能源密集度(公升油當量/千元)(數值),電力密集度(度/千元)(數值),能源生產力(元/公升油當量)(數值),國內能源消費彈性值(數值),電力消費彈性值,能源進口值占名目GDP比例(%),平均每人能源消費量(公升油當量/人),平均每人用電量(度/人),平均每人負擔能源進口值(臺幣元/人),進口能源依存度(%),進口石油依存度(%),進口天然氣依存度(%),能源進口率(%),能源進口值占總進口值比例(%),能源供應種類集中度(%),進口原油來源集中度(%),進口天然氣來源集中度(%),發電能源種類集中度(%),備用容量率(%),平均負載(千瓩),尖峰負載(千瓩),負載率(%),線路損失率(%),再生能源供給占初級能源總供給比例(%),再生能源供給占總供給比例(%),再生能源發電占總發電量比例(%),再生能源裝置容量占總裝置容量比例(%),燃料燃燒二氧化碳排放量(百萬公噸),平均每人二氧化碳排放量(公噸CO2/人),二氧化碳排放密集度(公斤CO2/千元),電力排碳係數(公斤CO2e/度)
2005,8.083,5.619,6.719,0.599,17.734289,177.943109,0.297499,0.758322,3045.631,9611.083,41618.92674,97.7463,99.9016,95.0643,7.85921,98.0372,15.9242,59.8106,40.09563397,66.4843,58.7939,16.35,21651.023,30942.9,69.97,4.76,1.8893,1.5602,3.3145,6.0457,247.956072,10.908878,20.128969,0.555
2006,7.845,5.385,6.499,0.588,17.343115,185.700381,0.234299,0.595677,3074.137,9900.638,51955.51071,97.8273,99.9058,96.1089,9.43166,98.0904,17.6351,59.0236,41.1115958,60.581,58.6095,16.05,22439.183,32060.4,69.99,4.85,1.8909,1.5709,3.2878,6.0211,255.33009,11.18718,19.596771,0.562
2007,7.703,5.342,5.929,0.562,16.771129,187.170435,0.877489,0.485562,3245.554,10187.989,62594.43856,97.8391,99.8982,96.6979,10.73416,98.1334,19.5921,58.5754,42.38954532,55.589,58.9489,16.2,23042.916,32790.8,70.27,4.75,1.8955,1.5697,3.4242,6.1483,259.21461,11.310799,18.619461,0.558
2008,7.349,5.06,5.549,0.559,16.367673,197.617107,-5.671591,-2.036058,3087.724,9987.345,83387.2055,97.7299,99.8324,97.3955,14.62218,98.0422,25.09,57.4967,43.55271708,50.2042,58.2238,21.1,22796.097,31320.2,72.78,4.58,2.0134,1.6666,3.4657,6.267,247.536501,10.763535,17.639725,0.555
2009,7.3,5.082,5.341,0.555,15.986356,196.745482,0.729875,2.4204,3040.687,9563.703,53632.02046,97.7533,99.8541,97.383,9.58045,98.1001,21.149,57.8835,42.80427668,48.1718,59.4044,28.1,22101.056,31010.7,71.27,4.86,1.9514,1.6157,3.3948,6.3229,235.867615,10.220276,17.08386,0.543
2010,7.067,4.901,4.936,0.536,15.59738,204.023334,0.616151,0.738179,3223.898,10259.187,67606.94842,97.8529,99.8688,98.2197,11.12695,98.1266,19.328,56.3068,43.30488931,41.3387,57.9839,23.4,23674.056,33022.6,71.69,4.66,1.9426,1.6391,3.497,6.5456,251.708068,10.877173,16.536926,0.534
2011,6.811,4.623,4.76,0.508,15.341285,216.275619,-0.599019,0.536564,3145.822,10437.669,79138.8811,97.7624,99.8659,98.1949,12.86974,98.0147,21.7718,55.3433,45.55853376,46.5195,58.2016,20.6,24319.881,33786.9,71.98,4.76,1.9898,1.726,3.5639,6.9721,257.096516,11.084845,16.292503,0.534
2012,6.609,4.529,4.499,0.492,14.94755,220.794175,0.058039,-0.181322,3139.476,10361.316,84991.29533,97.5201,99.8763,97.7004,13.47465,97.8534,24.1035,55.7786,43.04989633,54.5182,58.1063,22.7,24101.571,33081.4,72.86,4.42,2.1655,1.825,4.2587,7.4288,253.20138,10.880851,15.697047,0.529
2013,6.567,4.547,4.458,0.489,14.828061,219.907408,1.166404,0.670049,3220.125,10500.186,80558.03732,97.5866,99.8843,98.0136,12.31506,97.9159,22.8835,55.385,45.547918,56.4917,57.8314,17.5,24364.007,33957.4,71.75,4.25,2.1409,1.8083,4.3029,7.8195,254.109147,10.885103,15.37163,0.519
2014,6.398,4.404,4.03,0.483,14.505162,227.054852,0.301417,0.516731,3257.696,10729.119,81550.48002,97.7642,99.8626,98.1293,11.73928,98.0589,22.5007,55.3265,42.93113792,52.1826,57.7126,14.7,25025.528,34821.4,71.87,4.09,1.9898,1.6642,3.8178,8.3962,258.480088,11.044442,14.931461,0.518
2015,6.234,4.357,3.911,0.483,14.234152,229.492909,0.264282,-0.293904,3262.05,10655.936,48955.96902,97.6717,99.8177,98.2767,6.73494,97.9739,15.3641,55.3563,43.68293739,53.1257,56.8215,11.5,25011.855,35248.4,70.96,3.72,2.0637,1.7334,4.0593,8.8961,258.475194,11.016331,14.715567,0.525
2016,6.13,4.28,3.802,0.476,14.233475,233.618013,0.166743,0.997736,3266.444,10861.569,40080.93196,97.5835,99.8308,98.5733,5.36899,97.9049,12.7257,55.6913,42.01829956,49.0472,57.288,10.4,25705.047,35863.7,71.67,3.85,2.1847,1.8389,4.821,9.5313,262.981644,11.183121,14.65485,0.53
2017,5.894,4.116,3.58,0.471,14.051875,242.906919,-0.082584,0.638801,3251.095,11096.958,49679.29589,97.6987,99.8246,98.9365,6.49676,98.0001,14.8641,56.2566,40.78539213,41.631,59.0797,9.81,26379.05,36258.768,72.75,3.82,2.1172,1.776,4.5768,10.6693,269.460999,11.439399,14.485501,0.554
2018,5.794,4.064,3.543,0.449,13.925342,246.048051,0.547841,0.681076,3299.405,11304.765,62473.4195,97.5093,99.2976,99.223,7.99742,97.8547,17.1928,55.8027,42.06172336,40.5337,59.2963,9.97,26631.108,37056.902,71.87,3.94,2.1462,1.794,4.5775,11.8773,267.141895,11.329135,13.955361,0.533
2019,5.478,3.815,3.391,0.434,13.469688,262.116649,-1.067783,-0.103688,3189.611,11261.336,56690.3798,97.2874,99.2132,99.3311,7.04996,97.6889,15.1214,55.4059,43.71292041,43.5365,58.2204,16.79,26537.943,37067.066,71.59,3.86,2.4071,1.9662,5.5496,13.8913,258.810803,10.968406,13.119314,0.509
2020,5.183,3.7,3.149,0.433,13.294437,270.262419,0.08862,0.606572,3201.159,11501.725,36664.68225,97.265,99.1798,99.6061,4.31803,97.5543,10.1847,54.0672,45.22147046,43.0687,58.5778,16.44,27200.391,37714.613,72.12,3.97,2.4615,2.1093,5.4819,16.5438,257.389864,10.914592,12.615792,0.502
2021,5.074,3.648,2.939,0.416,13.005793,274.068302,0.779474,0.655208,3385.198,12066.456,57052.03411,97.1614,99.1507,99.6243,6.14933,97.4771,12.5305,54.3572,44.50169645,43.9404,58.7142,13.55,28479.419,38700.948,73.59,3.53,2.5435,2.1841,6.1464,19.545,266.92184,11.373731,12.259141,0.509
2022,4.753,3.346,2.721,0.421,12.480268,298.791225,-2.166163,-0.546189,3208.698,11965.219,97620.69571,96.6297,99.1807,99.6824,9.97576,97.0751,18.1224,54.5492,46.34210034,47.7009,58.0206,12.19,28752.886,40592.586,70.83,3.82,3.1103,2.6135,8.3599,22.8137,258.14233,11.069579,11.546074,0.495
2023,4.436,3.131,2.773,0.411,12.203203,319.306456,-4.986358,-1.068485,3032.184,11815.093,74301.81185,96.1571,99.1675,99.6972,7.34963,96.6358,15.8285,54.8939,46.47588965,50.7171,58.3859,14.7,28218.265,39489.171,71.46,3.2,3.5924,3.0404,9.6981,28.0358,250.579456,10.734883,11.08751,0.494
2024,4.013,2.925,2.536,0.405,11.931352,341.865219,-0.318834,0.554775,2972.634,12125.122,70550.79085,95.1399,99.0246,99.7758,6.41726,95.7542,12.8068,54.5543,47.01985503,47.7062,58.2664,11,28966.708,40881.619,70.86,2.93,4.686,3.9038,11.7936,31.5422,245.307313,10.478592,10.311134,0.474
2025,3.629,2.7,2.176,0.4,10.938148,370.309773,0.04589,-0.033989,2992.332,12120.45,61687.38025,94.6202,99.0272,99.8156,5.0161,95.3679,9.5199,55.4778,45.41270319,49.5326,59.8764,14.2,29499.22145,40752.0854,72.39,3.19,5.2,4.2884,13.3229,32.7404,239.542141,10.258907,9.258191,0.467
