topic,indicator_en,indicator_zh,value,unit,year,scope,source_name,link,evidence,note
capacity,Installed capacity (model fleet),裝置容量（模型機組）,64.0,GW,2026-09,Taipower system,Taipower real-time unit list + new units,https://data.gov.tw/dataset/8931,downloaded,"Includes 3.9 GW of new gas units in trial operation; outlying islands, cogeneration and 68 MW geothermal/biomass left out"
capacity,Gas,燃氣,26.2,GW,2026-09,Taipower system,Taipower real-time unit list + new units,https://data.gov.tw/dataset/8931,downloaded,Includes IPPs and Taichung CC #1-2 / Hsinta new CC #3 (1.3 GW each)
capacity,Coal,燃煤,11.4,GW,2026-09,Taipower system,Taipower real-time unit list,https://data.gov.tw/dataset/8931,downloaded,Excludes industrial self-generation such as Mailiao
capacity,Solar PV,太陽光電,15.4,GW,2026-09,Taipower system,Taipower real-time unit list,https://data.gov.tw/dataset/8931,downloaded,
capacity,Offshore wind,離岸風電,3.4,GW,2026-09,Taipower system,Taipower real-time unit list,https://data.gov.tw/dataset/8931,downloaded,
capacity,Onshore wind,陸域風電,0.81,GW,2026-09,Taipower system,Taipower real-time unit list,https://data.gov.tw/dataset/8931,downloaded,
capacity,Conventional hydro,慣常水力,2.1,GW,2026-09,Taipower system,Taipower real-time unit list,https://data.gov.tw/dataset/8931,downloaded,
capacity,Pumped hydro,抽蓄水力,2.6,GW,2026-09,Taipower system,Taipower real-time unit list,https://data.gov.tw/dataset/8931,downloaded,"Mingtan 1.6 GW, Takuan II 1.0 GW; about 6 h at full load"
capacity,Battery storage,電池儲能,0.85,GW,2026-09,Taipower system,Taipower real-time unit list,https://data.gov.tw/dataset/8931,downloaded,
capacity,Nuclear,核能,0,GW,2026-09,Taiwan,Taipower real-time unit list,https://data.gov.tw/dataset/8931,downloaded,No reactor in the list; Maanshan 2 shut down in May 2025
capacity,Taipower system installed capacity,台電系統裝置容量,59.8,GW,2025,Taipower system,Taipower historical installed capacity,https://www.taipower.com.tw/2764/2826/2829/2834/25101/normalPost,search_summary,59842 MW; thermal 58.7%
capacity,Coal (national),燃煤（全國）,19.9,GW,2024,Taiwan (national),Energy Administration: capacity by source (annual),https://data.gov.tw/dataset/16480,downloaded,19.885 GW; national totals include self-generation. 2025: 19.3 GW
capacity,Gas (national),燃氣（全國）,20.1,GW,2024,Taiwan (national),Energy Administration: capacity by source (annual),https://data.gov.tw/dataset/16480,downloaded,20.096 GW. 2025: 22.8 GW
capacity,Renewables (national),再生能源（全國）,21.1,GW,2024,Taiwan (national),Energy Administration: capacity by source (annual),https://data.gov.tw/dataset/16480,downloaded,"21.067 GW (solar 14.3, wind 3.9, hydro 2.1, biomass and waste 0.75). 2025: 22.8 GW"
capacity,Solar PV approved 2015-2025,太陽光電核准容量 2015-2025,21.0,GW,2015-2025,Taiwan (by county),Energy Administration solar approvals,https://data.gov.tw/dataset/16423,downloaded,Approvals (同意備案); more than what was built
demand,Peak load,尖峰負載,40.88,GW,2024,Taipower system,Taipower annual peak load,https://data.gov.tw/dataset/8307,downloaded,Net peak 40882 MW; reserve margin 11.0%
demand,Peak load,尖峰負載,40.75,GW,2025,Taipower system,Taipower annual peak load,https://data.gov.tw/dataset/8307,downloaded,Net peak 40752 MW; night-time reserve margin 14.2%
demand,Electricity consumption,電力消費,283.8,TWh,2024,Taiwan (national),"MOEA, supply-demand report 113年度 (FY2024), Figure 2-1, p. 2 (PDF p. 6)",https://data.gov.tw/dataset/16437,downloaded,Record high
demand,Industry share of consumption,工業部門用電占比,55.2,%,2024,Taiwan (national),"MOEA, supply-demand report 113年度 (FY2024), Figure 2-1, p. 2 (PDF p. 6)",https://data.gov.tw/dataset/16437,downloaded,156.6 TWh
demand,Residential share of consumption,住宅部門用電占比,18.8,%,2024,Taiwan (national),"MOEA, supply-demand report 113年度 (FY2024), Figure 2-1, p. 2 (PDF p. 6)",https://data.gov.tw/dataset/16437,downloaded,53.4 TWh
demand,Services share of consumption,服務業部門用電占比,17.6,%,2024,Taiwan (national),"MOEA, supply-demand report 113年度 (FY2024), Figure 2-1, p. 2 (PDF p. 6)",https://data.gov.tw/dataset/16437,downloaded,50.0 TWh
demand,Energy sector share of consumption,能源部門用電占比,6.5,%,2024,Taiwan (national),"MOEA, supply-demand report 113年度 (FY2024), Figure 2-1, p. 2 (PDF p. 6)",https://data.gov.tw/dataset/16437,downloaded,18.5 TWh
demand,Change in consumption vs 2024,用電量較 2024 年變化,-0.3,%,2025,Taiwan (national),"MOEA, news release on the supply-demand report 114年度 (FY2025)",https://www.moea.gov.tw/Mns/populace/news/News.aspx?kind=1&menu_id=40&news_id=123066,page_opened,About -0.84 TWh
demand,Forecast demand growth 2026-2035,2026-2035 年用電成長率預估,2.5,%/yr,2026-2035,Taiwan (national),"MOEA, news release on the supply-demand report 114年度 (FY2025)",https://www.moea.gov.tw/Mns/populace/news/News.aspx?kind=1&menu_id=40&news_id=123066,page_opened,AI data centres included as a separate driver for the first time
generation,Total generation,總發電量,289.4,TWh,2024,Taiwan (national),Energy Administration: generation by source (annual),https://data.gov.tw/dataset/16481,downloaded,"Coal 39.2%, gas 42.3%, oil 1.4%, nuclear 4.2%, renewables 11.8%, pumped storage 1.1% (EIA brief: 288.6 TWh)"
generation,Total generation,總發電量,289.7,TWh,2025,Taiwan (national),Energy Administration: generation by source (annual),https://data.gov.tw/dataset/16481,downloaded,"Coal 35.3%, gas 47.7%, oil 1.5%, nuclear 1.1%, renewables 13.3%, pumped storage 1.1%"
generation,Taipower system generation,台電系統發電量,251.44,TWh,2024,Taipower system,Taipower (via search summary),,search_summary,"Excluding wheeling; gas 47.2%, coal 31.1%, oil 1.4%, nuclear 8.2%, renewables 11.9%"
generation,Taipower electricity sales,台電售電量,233,TWh,2023,Taipower system,e-info.org.tw,https://e-info.org.tw/node/238379,search_summary,
emissions,Grid emission factor,電力排碳係數,0.474,kg CO2e/kWh,2024,Taipower system (public supply),Energy Administration: energy indicators (annual),https://data.gov.tw/dataset/8308,downloaded,Published 2025-04-14
emissions,Grid emission factor,電力排碳係數,0.494,kg CO2e/kWh,2023,Taipower system (public supply),Energy Administration: energy indicators (annual),https://data.gov.tw/dataset/8308,downloaded,
price,Average electricity price,平均電價,3.75,NT$/kWh,2025 H1,Taipower tariffs,The Reporter (報導者),https://www.twreporter.org/a/data-reporter-taiwan-freezing-electricity-rates,search_summary,Tariffs frozen in the first half of 2025
price,Residential average price,住宅平均電價,2.77,NT$/kWh,2025 H1,Taipower tariffs,The Reporter (報導者),https://www.twreporter.org/a/data-reporter-taiwan-freezing-electricity-rates,search_summary,From October 2025: +0.1 NT$/kWh up to 700 kWh/month (2.87)
price,Industrial average price,工業平均電價,4.27,NT$/kWh,2025 H1,Taipower tariffs,The Reporter (報導者),https://www.twreporter.org/a/data-reporter-taiwan-freezing-electricity-rates,search_summary,
price,EUR exchange rate (spot midpoint),歐元匯率（即期中間價）,36.185,NT$/EUR,2026-09-24,Bank of Taiwan,Bank of Taiwan exchange rates,https://rate.bot.com.tw/xrt?Lang=zh-TW,page_opened,"Buy 35.885, sell 36.485 (17:01); used for NT$/kWh on this dashboard"
policy,Renewable share target,再生能源發電占比目標,20,%,2025,Taiwan (national),Presidential Office,https://www.president.gov.tw/NEWS/20654,search_summary,Moved to November 2026 in the 2025 report; 30% by 2030. Reported 2025 share: 13.3%
policy,Solar PV target,太陽光電目標,20,GW,2025,Taiwan (national),Presidential Office / Executive Yuan,https://www.president.gov.tw/NEWS/20654,search_summary,From 2026: +2 GW per year
policy,Offshore wind target,離岸風電目標,5.7,GW,2025,Taiwan (national),Presidential Office,https://www.president.gov.tw/News/24873,search_summary,
policy,Offshore wind target,離岸風電目標,15.7,GW,2035,Taiwan (national),Offshore wind Round 3 zonal development,https://technews.tw/2026/03/20/taiwan-energy-policy/,search_summary,About 1 GW released per year from 2026
policy,Renewables in 2050 electricity supply,2050 年再生能源供電占比,60-70,%,2050,Taiwan (national),National Development Council: Taiwan 2050 net-zero pathway,https://ncsd.ndc.gov.tw/Fore/nsdn/about0/2050Path,search_summary,"Hydrogen 9-12%, thermal with CCUS 20-27%, pumped hydro 1%"
policy,Imported energy dependence,進口能源依存度,97.4,%,2021,Taiwan (national),National Development Council: Taiwan 2050 net-zero pathway,https://ncsd.ndc.gov.tw/Fore/nsdn/about0/2050Path,search_summary,Target below 50% by 2050
resource,Solar technical potential (model),太陽光電技術潛力（模型）,50.3,GW,2013 weather,Taiwan main island,PyPSA-Earth land eligibility,,model_output,Maximum installable capacity on eligible land in the model
resource,Onshore wind technical potential (model),陸域風電技術潛力（模型）,43.0,GW,2013 weather,Taiwan main island,PyPSA-Earth land eligibility,,model_output,
resource,Offshore wind technical potential (model),離岸風電技術潛力（模型）,50.5,GW,2013 weather,Taiwan waters,PyPSA-Earth land eligibility,,model_output,AC-connected 12.6 GW + DC-connected 37.9 GW
resource,Solar capacity factor (2013 weather),太陽光電容量因數（2013 年氣象）,13.3,%,2013 weather,Taiwan main island,ERA5 via atlite (model),,model_output,
resource,Offshore wind capacity factor (2013 weather),離岸風電容量因數（2013 年氣象）,41.9,%,2013 weather,Taiwan waters,ERA5 via atlite (model),,model_output,Existing farms
emissions,Grid emission factor,電力排碳係數,0.467,kg CO2e/kWh,2025,Taipower system (public supply),Energy Administration: energy indicators (annual),https://data.gov.tw/dataset/8308,downloaded,
demand,Forecast demand growth 2025-2034,2025-2034 年用電成長率預估,1.7,%/yr,2025-2034,Taiwan (national),"MOEA, supply-demand report 113年度 (FY2024), Section 3.1(1), p. 7 (PDF p. 11)",https://data.gov.tw/dataset/16437,downloaded,2025 edition; previous 10 years 1.23%/yr. Night peak +2.1%/yr
demand,Night peak load (forecast),夜尖峰負載（預測）,46.0,GW,2034,Taipower system,"MOEA, supply-demand report 113年度 (FY2024), Table 3-2, p. 20 (PDF p. 24)",https://data.gov.tw/dataset/16437,downloaded,From 36.9 GW (2025); Table 3-2
policy,Solar PV target,太陽光電目標,31.2,GW,2030,Taiwan (national),"MOEA, supply-demand report 113年度 (FY2024), Table 3-1, p. 19 (PDF p. 23)",https://data.gov.tw/dataset/16437,downloaded,32.7 GW by 2032; Table 3-1
policy,Offshore wind target,離岸風電目標,10.9,GW,2030,Taiwan (national),"MOEA, supply-demand report 113年度 (FY2024), Table 3-1, p. 19 (PDF p. 23)",https://data.gov.tw/dataset/16437,downloaded,"13.9 GW by 2032, subject to Round 3.3; Table 3-1"
policy,Renewable share target,再生能源發電占比目標,30,%,2030,Taiwan (national),"MOEA, supply-demand report 113年度 (FY2024), Section 3.2(1), p. 11 (PDF p. 15)",https://data.gov.tw/dataset/16437,downloaded,20% by November 2026
capacity,New gas capacity 2025-2034,2025-2034 年新增燃氣機組,25.2,GW,2025-2034,Taipower system,"MOEA, supply-demand report 113年度 (FY2024), Section 3.3(1), p. 18 (PDF p. 22)",https://data.gov.tw/dataset/16437,downloaded,"Retirements 12.9 GW (coal, oil, gas): net +12.2 GW"
end_use,Households with air conditioning,有冷暖氣機的家庭,97.62,%,2025,Taiwan households,"DGBAS, Survey of Family Income and Expenditure 2025 (家庭收支調查)",https://data.gov.tw/dataset/109890,downloaded,"Row 冷暖氣機普及率, column 總平均%"
end_use,Air conditioners per 100 households,每百戶冷暖氣機台數,279.86,units,2025,Taiwan households,"DGBAS, Survey of Family Income and Expenditure 2025 (家庭收支調查)",https://data.gov.tw/dataset/109890,downloaded,Row 冷暖氣機每百戶擁有數; about 2.8 units per household
end_use,Households with a dehumidifier,有除濕機的家庭,47.52,%,2025,Taiwan households,"DGBAS, Survey of Family Income and Expenditure 2025 (家庭收支調查)",https://data.gov.tw/dataset/109890,downloaded,"Row 除濕機普及率; 91.87% in Keelung, 13.02% in Yunlin"
end_use,Households with a water heater,有熱水器的家庭,99.8,%,2025,Taiwan households,"DGBAS, Survey of Family Income and Expenditure 2025 (家庭收支調查)",https://data.gov.tw/dataset/109890,downloaded,"Row 熱水器普及率 (gas, LPG, electric or solar; the survey does not split by type)"
end_use,Households with an induction cooker,有電磁爐的家庭,32.72,%,2025,Taiwan households,"DGBAS, Survey of Family Income and Expenditure 2025 (家庭收支調查)",https://data.gov.tw/dataset/109890,downloaded,Row 電磁爐普及率
end_use,Cars per 100 households,每百戶汽車數,72.68,cars,2025,Taiwan households,"DGBAS, Survey of Family Income and Expenditure 2025 (家庭收支調查)",https://data.gov.tw/dataset/109890,downloaded,Row 汽車每百戶擁有數; 60.74% of households have a car
end_use,Motorcycles per 100 households,每百戶機車數,148.32,motorcycles,2025,Taiwan households,"DGBAS, Survey of Family Income and Expenditure 2025 (家庭收支調查)",https://data.gov.tw/dataset/109890,downloaded,Row 機車每百戶擁有數; 83.21% of households have a motorcycle
end_use,Air conditioning share of household electricity (whole year),冷氣機占家庭全年用電,29.57,%,2024,"Households (survey of 1,800)","Energy Administration, Residential Sector Energy Statistics 2024 (家庭用電資訊百科)",https://energypark.org.tw/upload/ebook/202510031654040.pdf,downloaded,"Figure 12, pp. 24-25. Next: refrigerators 12.54%, electric water heaters 9.55%, lighting 9.13%"
end_use,"Air conditioning share of household electricity (summer, Jun-Sep)",冷氣機占家庭夏月用電,50.42,%,2024,"Households (survey of 1,800)","Energy Administration, Residential Sector Energy Statistics 2024 (家庭用電資訊百科)",https://energypark.org.tw/upload/ebook/202510031654040.pdf,downloaded,"Figure 13, pp. 26-27"
end_use,LED share of household lighting,家庭照明 LED 占比,60.91,%,2024,"Households (survey of 1,800)","Energy Administration, Residential Sector Energy Statistics 2024 (家庭用電資訊百科)",https://energypark.org.tw/upload/ebook/202510031654040.pdf,downloaded,"Section 2 (5), pp. 30-31 (PDF p. 17); 12.6% in 2014"
end_use,Air conditioners in households (estimate),全國家庭冷氣機台數（推估）,24.06,million units,2024,Taiwan households,"Energy Administration, Residential Sector Energy Statistics 2024 (家庭用電資訊百科)",https://energypark.org.tw/upload/ebook/202510031654040.pdf,downloaded,"Estimated from 95.07% ownership, pp. 34-35 (PDF p. 19)"
