,Name,Fueltype,Technology,Set,Country,Capacity,Efficiency,Duration,Volume_Mm3,DamHeight_m,StorageCapacity_MWh,DateIn,DateRetrofit,DateOut,lat,lon,EIC,projectID,bus
0,Tatan,CCGT,CCGT,PP,TW,7544.5,,,,,,2006,,,25.0253,121.0458,,,
1,Tunghsiao,CCGT,CCGT,PP,TW,2677.8,,,,,,2025,,,24.4906,120.6714,,,
2,Tunghsiao GT,OCGT,OCGT,PP,TW,180.9,,,,,,2025,,,24.4906,120.6714,,,
3,Taichung new CC,CCGT,CCGT,PP,TW,2600.0,,,,,,2026,,,24.2152,120.4815,,,
4,Hsinta new CC,CCGT,CCGT,PP,TW,2600.0,,,,,,2025,,,22.8523,120.1973,,,
5,Hsinta CC,CCGT,CCGT,PP,TW,2226.0,,,,,,1998,,,22.8523,120.1973,,,
6,Talin gas,CCGT,CCGT,PP,TW,550.0,,,,,,2025,,,22.5353,120.3337,,,
7,Hai-Fu (Ever Power),CCGT,CCGT,PP,TW,900.0,,,,,,1999,,,25.1159,121.2567,,,
8,Hsintao,CCGT,CCGT,PP,TW,630.0,,,,,,2002,,,24.8141,121.1979,,,
9,Star Buck (Changbin),CCGT,CCGT,PP,TW,506.9,,,,,,2009,,,24.1271,120.4317,,,
10,Star Yuan (Changbin),CCGT,CCGT,PP,TW,549.1,,,,,,2004,,,24.1287,120.4214,,,
11,Chiahui,CCGT,CCGT,PP,TW,1210.0,,,,,,2003,,,23.5332,120.4732,,,
12,Sun Ba Fong Der,CCGT,CCGT,PP,TW,2113.8,,,,,,2004,,,23.0822,120.3564,,,
13,Linkou,Hard Coal,Steam Turbine,PP,TW,2400.0,,,,,,2016,,,25.12,121.2991,,,
14,Taichung coal,Hard Coal,Steam Turbine,PP,TW,1100.0,,,,,,1991,,,24.2152,120.4815,,,
15,Talin coal,Hard Coal,Steam Turbine,PP,TW,800.0,,,,,,2025,,,22.5353,120.3337,,,
16,Talin coal,Hard Coal,Steam Turbine,PP,TW,800.0,,,,,,2025,,,22.5353,120.3337,,,
17,Ho-Ping,Hard Coal,Steam Turbine,PP,TW,1308.6,,,,,,2002,,,24.3066,121.7657,,,
18,Taichung GT (oil),Oil,OCGT,PP,TW,280.0,,,,,,2025,,,24.2152,120.4815,,,
19,Guanyuan wind,Wind,Onshore,PP,TW,36.4,,,,,,2005,,,25.0669,121.1106,,,
20,Taichung Port wind,Wind,Onshore,PP,TW,42.5,,,,,,2005,,,24.3083,120.5356,,,
21,Wanggong wind,Wind,Onshore,PP,TW,27.9,,,,,,2010,,,23.9832,120.3345,,,
22,Changkong wind,Wind,Onshore,PP,TW,104.6,,,,,,2007,,,24.1128,120.4076,,,
23,Yunmai wind,Wind,Onshore,PP,TW,55.8,,,,,,2025,,,23.8155,120.2554,,,
24,Sihu wind,Wind,Onshore,PP,TW,34.0,,,,,,2010,,,23.6616,120.1571,,,
25,Other Taipower wind,Wind,Onshore,PP,TW,102.7,,,,,,2025,,,24.1128,120.4076,,,
26,Miaoli Dapeng wind,Wind,Onshore,PP,TW,50.9,,,,,,2005,,,24.6086,120.7306,,,
27,Luwei Changbin wind,Wind,Onshore,PP,TW,67.0,,,,,,2007,,,24.1544,120.427,,,
28,Guanwei/Taowei wind,Wind,Onshore,PP,TW,58.6,,,,,,2010,,,25.0264,121.0428,,,
29,Zhongwei Da'an wind,Wind,Onshore,PP,TW,92.1,,,,,,2008,,,24.397,120.593,,,
30,Chuangwei wind,Wind,Onshore,PP,TW,59.7,,,,,,2009,,,23.8138,120.2639,,,
31,Hsinyuan Lunbei wind,Wind,Onshore,PP,TW,30.6,,,,,,2023,,,23.8092,120.3401,,,
32,Other purchased onshore wind,Wind,Onshore,PP,TW,216.4,,,,,,2025,,,24.1128,120.4076,,,
33,Taipower offshore phase 1,Wind,Offshore,PP,TW,449.1,,,,,,2021,,,23.9646,120.2383,,,
34,Formosa 1,Wind,Offshore,PP,TW,526.4,,,,,,2019,,,24.7107,120.8122,,,
35,Formosa 2,Wind,Offshore,PP,TW,1546.3,,,,,,2023,,,24.772,120.6472,,,
36,Greater Changhua 1,Wind,Offshore,PP,TW,2488.8,,,,,,2023,,,24.1537,119.9494,,,
37,Greater Changhua 2a,Wind,Offshore,PP,TW,1212.3,,,,,,2023,,,24.1575,119.8278,,,
38,Greater Changhua 2b (assumed),Wind,Offshore,PP,TW,1386.3,,,,,,2025,,,24.23,120.0,,,
39,Changfang Xidao 1,Wind,Offshore,PP,TW,394.8,,,,,,2022,,,24.1115,120.2042,,,
40,Changfang Xidao 2,Wind,Offshore,PP,TW,2052.9,,,,,,2022,,,24.1115,120.2042,,,
41,Yunlin (Yunneng) A,Wind,Offshore,PP,TW,1316.0,,,,,,2025,,,23.5894,120.0289,,,
42,Yunlin (Yunneng) B,Wind,Offshore,PP,TW,1316.0,,,,,,2025,,,23.5894,120.0289,,,
43,Chung-Neng,Wind,Offshore,PP,TW,1211.1,,,,,,2025,,,23.9,120.15,,,
44,Deji,Hydro,Reservoir,PP,TW,241.1,,,,,,1974,,,24.2545,121.1655,,,
45,Chingshan,Hydro,Run-Of-River,PP,TW,379.2,,,,,,2015,,,24.2516,121.1019,,,
46,Kukuan,Hydro,Run-Of-River,PP,TW,224.2,,,,,,2000,,,24.2091,121.024,,,
47,Tienlun,Hydro,Run-Of-River,PP,TW,200.9,,,,,,1952,,,24.1846,120.9228,,,
48,Ma-an,Hydro,Run-Of-River,PP,TW,137.5,,,,,,1998,,,24.1822,120.8411,,,
49,Zhuolan,Hydro,Run-Of-River,PP,TW,82.4,,,,,,2003,,,24.3498,120.8812,,,
50,Wanda,Hydro,Reservoir,PP,TW,57.5,,,,,,2025,,,23.9754,121.1323,,,
51,Songlin,Hydro,Run-Of-River,PP,TW,21.5,,,,,,2025,,,23.9754,121.1323,,,
52,Takuan I,Hydro,Reservoir,PP,TW,113.3,,,,,,2025,,,23.8524,120.871,,,
53,Chukung,Hydro,Reservoir,PP,TW,44.9,,,,,,2025,,,23.8181,120.8569,,,
54,Shuili,Hydro,Run-Of-River,PP,TW,13.2,,,,,,1992,,,23.8117,120.8539,,,
55,Liwu,Hydro,Run-Of-River,PP,TW,33.0,,,,,,2025,,,24.1551,121.6272,,,
56,Longjian,Hydro,Run-Of-River,PP,TW,100.2,,,,,,1959,,,24.0037,121.426,,,
57,Bihai,Hydro,Run-Of-River,PP,TW,63.1,,,,,,2025,,,24.334,121.6416,,,
58,Wulai/Gueishan/Cukeng,Hydro,Run-Of-River,PP,TW,41.7,,,,,,2025,,,24.9025,121.5612,,,
59,Small hydro north,Hydro,Run-Of-River,PP,TW,32.0,,,,,,2025,,,24.6953,121.0978,,,
60,Small hydro central,Hydro,Run-Of-River,PP,TW,32.3,,,,,,2025,,,24.2702,120.7919,,,
61,Small hydro south,Hydro,Run-Of-River,PP,TW,7.4,,,,,,2025,,,23.2305,120.4473,,,
62,Small hydro east,Hydro,Run-Of-River,PP,TW,56.3,,,,,,2025,,,23.9677,121.4566,,,
63,Feitsui,Hydro,Reservoir,PP,TW,72.1,,,,,,2025,,,24.9095,121.5772,,,
64,Shihmen,Hydro,Reservoir,PP,TW,92.7,,,,,,1964,,,24.8132,121.2438,,,
65,Tsengwen,Hydro,Reservoir,PP,TW,51.5,,,,,,2025,,,23.2479,120.5329,,,
66,Yihsing,Hydro,Run-Of-River,PP,TW,41.2,,,,,,2025,,,24.777,121.3619,,,
67,Mingjian,Hydro,Run-Of-River,PP,TW,17.2,,,,,,2025,,,23.8352,120.7112,,,
68,Chianan Xikou/Wushantou,Hydro,Run-Of-River,PP,TW,14.1,,,,,,2025,,,23.2305,120.4473,,,
69,Beinan,Hydro,Run-Of-River,PP,TW,2.1,,,,,,2025,,,23.9677,121.4566,,,
70,Guanshan,Hydro,Run-Of-River,PP,TW,1.0,,,,,,2025,,,23.9677,121.4566,,,
71,Other purchased small hydro,Hydro,Run-Of-River,PP,TW,6.3,,,,,,2025,,,24.2702,120.7919,,,
72,Takuan II (Minghu),Hydro,Pumped Storage,Store,TW,1000.0,,6.0,,,,1977,,,23.8545,120.8708,,,
73,Mingtan,Hydro,Pumped Storage,Store,TW,1602.0,,6.0,,,,1993,,,23.8359,120.8686,,,
74,Batteries,Battery,Battery,Store,TW,852.7,,,,,,2025,,,24.15,120.65,,,
75,Solar 基隆市,Solar,Pv,PP,TW,60.1,,,,,,2022,,,25.1127,121.7122,,,
76,Solar 臺北市,Solar,Pv,PP,TW,172.7,,,,,,2021,,,25.0784,121.5684,,,
77,Solar 新北市,Solar,Pv,PP,TW,439.6,,,,,,2022,,,24.9847,121.7875,,,
78,Solar 桃園市,Solar,Pv,PP,TW,1826.9,,,,,,2021,,,24.8498,121.2628,,,
79,Solar 新竹縣,Solar,Pv,PP,TW,482.7,,,,,,2021,,,24.6806,121.1609,,,
80,Solar 新竹市,Solar,Pv,PP,TW,120.0,,,,,,2021,,,24.78,120.9745,,,
81,Solar 宜蘭縣,Solar,Pv,PP,TW,429.4,,,,,,2021,,,24.6465,121.6495,,,
82,Solar 苗栗縣,Solar,Pv,PP,TW,988.7,,,,,,2021,,,24.5094,120.8765,,,
83,Solar 臺中市,Solar,Pv,PP,TW,1735.9,,,,,,2021,,,24.2208,120.8602,,,
84,Solar 彰化縣,Solar,Pv,PP,TW,4179.9,,,,,,2021,,,23.9894,120.4984,,,
85,Solar 雲林縣,Solar,Pv,PP,TW,3705.3,,,,,,2020,,,23.6686,120.4028,,,
86,Solar 南投縣,Solar,Pv,PP,TW,577.6,,,,,,2022,,,23.8349,120.9408,,,
87,Solar 嘉義縣,Solar,Pv,PP,TW,3131.1,,,,,,2021,,,23.4258,120.5154,,,
88,Solar 嘉義市,Solar,Pv,PP,TW,110.5,,,,,,2021,,,23.4756,120.4549,,,
89,Solar 臺南市,Solar,Pv,PP,TW,7651.4,,,,,,2021,,,23.1485,120.3508,,,
90,Solar 高雄市,Solar,Pv,PP,TW,3130.9,,,,,,2021,,,22.9704,120.6397,,,
91,Solar 屏東縣,Solar,Pv,PP,TW,3337.6,,,,,,2021,,,22.3886,120.6568,,,
92,Solar 花蓮縣,Solar,Pv,PP,TW,431.9,,,,,,2021,,,23.7288,121.3995,,,
93,Solar 臺東縣,Solar,Pv,PP,TW,187.8,,,,,,2021,,,22.8342,121.0271,,,
94,Hsinta new CC #2,CCGT,CCGT,PP,TW,1300.0,,,,,,2026,,,22.8523,120.1973,,,
95,Kuokuang phase 2,CCGT,CCGT,PP,TW,1250.0,,,,,,2028,,,25.0419,121.3424,,,
96,Talin new CC,CCGT,CCGT,PP,TW,550.0,,,,,,2029,,,22.5353,120.3337,,,
97,Tunghsiao new CC,CCGT,CCGT,PP,TW,560.0,,,,,,2029,,,24.4906,120.6714,,,
98,Mailiao CC,CCGT,CCGT,PP,TW,1200.0,,,,,,2029,,,23.8031,120.1905,,,
99,Mailiao CC,CCGT,CCGT,PP,TW,1200.0,,,,,,2029,,,23.8031,120.1905,,,
100,Talin new CC,CCGT,CCGT,PP,TW,550.0,,,,,,2030,,,22.5353,120.3337,,,
101,Tunghsiao new CC,CCGT,CCGT,PP,TW,560.0,,,,,,2030,,,24.4906,120.6714,,,
102,Tunghsiao new CC,CCGT,CCGT,PP,TW,560.0,,,,,,2030,,,24.4906,120.6714,,,
103,Tunghsiao new CC,CCGT,CCGT,PP,TW,560.0,,,,,,2030,,,24.4906,120.6714,,,
104,Taichung new CC #3-6,CCGT,CCGT,PP,TW,1300.0,,,,,,2031,,,24.2152,120.4815,,,
105,Tunghsiao new CC,CCGT,CCGT,PP,TW,560.0,,,,,,2031,,,24.4906,120.6714,,,
106,Taichung new CC #3-6,CCGT,CCGT,PP,TW,1300.0,,,,,,2032,,,24.2152,120.4815,,,
107,Hsieh-ho new CC,CCGT,CCGT,PP,TW,1300.0,,,,,,2032,,,25.1569,121.7387,,,
108,New gas (unspecified site),CCGT,CCGT,PP,TW,1300.0,,,,,,2032,,,25.0253,121.0458,,,
109,Taichung new CC #3-6,CCGT,CCGT,PP,TW,1300.0,,,,,,2033,,,24.2152,120.4815,,,
110,New gas (unspecified site),CCGT,CCGT,PP,TW,1300.0,,,,,,2033,,,25.0253,121.0458,,,
111,Taichung new CC #3-6,CCGT,CCGT,PP,TW,1300.0,,,,,,2034,,,24.2152,120.4815,,,
112,"Geothermal (Yilan, assumed)",Geothermal,Geothermal,PP,TW,1400.0,,,,,,2034,,,24.6121,121.6369,,,
113,Biomass and waste 臺北市 (assumed),Bioenergy,Steam Turbine,PP,TW,140.0,,,,,,2034,,,25.0784,121.5684,,,
114,Biomass and waste 新北市 (assumed),Bioenergy,Steam Turbine,PP,TW,140.0,,,,,,2034,,,24.9847,121.7875,,,
115,Biomass and waste 桃園市 (assumed),Bioenergy,Steam Turbine,PP,TW,140.0,,,,,,2034,,,24.8498,121.2628,,,
116,Biomass and waste 臺中市 (assumed),Bioenergy,Steam Turbine,PP,TW,140.0,,,,,,2034,,,24.2208,120.8602,,,
117,Biomass and waste 臺南市 (assumed),Bioenergy,Steam Turbine,PP,TW,140.0,,,,,,2034,,,23.1485,120.3508,,,
118,Biomass and waste 高雄市 (assumed),Bioenergy,Steam Turbine,PP,TW,140.0,,,,,,2034,,,22.9704,120.6397,,,
