,Name,Fueltype,Technology,Set,Country,Capacity,Efficiency,Duration,Volume_Mm3,DamHeight_m,StorageCapacity_MWh,DateIn,DateRetrofit,DateOut,lat,lon,EIC,projectID,bus
0,Tatan,CCGT,CCGT,PP,TW,7544.5,,,,,,2006,,,25.0253,121.0458,,,
1,Tunghsiao,CCGT,CCGT,PP,TW,2999.0,,,,,,2025,,,24.4906,120.6714,,,
2,Tunghsiao GT,OCGT,OCGT,PP,TW,180.9,,,,,,2025,,,24.4906,120.6714,,,
3,Hsinta new CC,CCGT,CCGT,PP,TW,1300.0,,,,,,2025,,,22.8523,120.1973,,,
4,Hsinta CC,CCGT,CCGT,PP,TW,2226.0,,,,,,1998,,,22.8523,120.1973,,,
5,Nanpu,CCGT,CCGT,PP,TW,1117.8,,,,,,1995,,,22.6005,120.3005,,,
6,Talin gas,CCGT,CCGT,PP,TW,550.0,,,,,,2025,,,22.5353,120.3337,,,
7,Hai-Fu (Ever Power),CCGT,CCGT,PP,TW,900.0,,,,,,1999,,,25.1159,121.2567,,,
8,Hsintao,CCGT,CCGT,PP,TW,630.0,,,,,,2002,,,24.8141,121.1979,,,
9,Kuokuang,CCGT,CCGT,PP,TW,480.0,,,,,,2003,,,25.0419,121.3424,,,
10,Star Buck (Changbin),CCGT,CCGT,PP,TW,506.9,,,,,,2009,,,24.1271,120.4317,,,
11,Star Yuan (Changbin),CCGT,CCGT,PP,TW,549.1,,,,,,2004,,,24.1287,120.4214,,,
12,Chiahui,CCGT,CCGT,PP,TW,1210.0,,,,,,2003,,,23.5332,120.4732,,,
13,Sun Ba Fong Der,CCGT,CCGT,PP,TW,2113.8,,,,,,2004,,,23.0822,120.3564,,,
14,Linkou,Hard Coal,Steam Turbine,PP,TW,2400.0,,,,,,2016,,,25.12,121.2991,,,
15,Taichung coal,Hard Coal,Steam Turbine,PP,TW,5500.0,,,,,,1991,,,24.2152,120.4815,,,
16,Hsinta coal,Hard Coal,Steam Turbine,PP,TW,550.0,,,,,,1982,,,22.8523,120.1973,,,
17,Talin coal,Hard Coal,Steam Turbine,PP,TW,800.0,,,,,,2025,,,22.5353,120.3337,,,
18,Talin coal,Hard Coal,Steam Turbine,PP,TW,800.0,,,,,,2025,,,22.5353,120.3337,,,
19,Ho-Ping,Hard Coal,Steam Turbine,PP,TW,1308.6,,,,,,2002,,,24.3066,121.7657,,,
20,Hsieh-ho,Oil,Steam Turbine,PP,TW,1000.0,,,,,,2025,,,25.1569,121.7387,,,
21,Taichung GT (oil),Oil,OCGT,PP,TW,280.0,,,,,,2025,,,24.2152,120.4815,,,
22,Guanyuan wind,Wind,Onshore,PP,TW,30.0,,,,,,2005,,,25.0669,121.1106,,,
23,Taichung Port wind,Wind,Onshore,PP,TW,35.0,,,,,,2005,,,24.3083,120.5356,,,
24,Wanggong wind,Wind,Onshore,PP,TW,23.0,,,,,,2010,,,23.9832,120.3345,,,
25,Changkong wind,Wind,Onshore,PP,TW,86.2,,,,,,2007,,,24.1128,120.4076,,,
26,Yunmai wind,Wind,Onshore,PP,TW,46.0,,,,,,2025,,,23.8155,120.2554,,,
27,Sihu wind,Wind,Onshore,PP,TW,28.0,,,,,,2010,,,23.6616,120.1571,,,
28,Other Taipower wind,Wind,Onshore,PP,TW,84.7,,,,,,2025,,,24.1128,120.4076,,,
29,Miaoli Dapeng wind,Wind,Onshore,PP,TW,42.0,,,,,,2005,,,24.6086,120.7306,,,
30,Luwei Changbin wind,Wind,Onshore,PP,TW,55.2,,,,,,2007,,,24.1544,120.427,,,
31,Guanwei/Taowei wind,Wind,Onshore,PP,TW,48.3,,,,,,2010,,,25.0264,121.0428,,,
32,Zhongwei Da'an wind,Wind,Onshore,PP,TW,75.9,,,,,,2008,,,24.397,120.593,,,
33,Chuangwei wind,Wind,Onshore,PP,TW,49.2,,,,,,2009,,,23.8138,120.2639,,,
34,Hsinyuan Lunbei wind,Wind,Onshore,PP,TW,25.2,,,,,,2023,,,23.8092,120.3401,,,
35,Other purchased onshore wind,Wind,Onshore,PP,TW,178.4,,,,,,2025,,,24.1128,120.4076,,,
36,Taipower offshore phase 1,Wind,Offshore,PP,TW,109.2,,,,,,2021,,,23.9646,120.2383,,,
37,Formosa 1,Wind,Offshore,PP,TW,128.0,,,,,,2019,,,24.7107,120.8122,,,
38,Formosa 2,Wind,Offshore,PP,TW,376.0,,,,,,2023,,,24.772,120.6472,,,
39,Greater Changhua 1,Wind,Offshore,PP,TW,605.2,,,,,,2023,,,24.1537,119.9494,,,
40,Greater Changhua 2a,Wind,Offshore,PP,TW,294.8,,,,,,2023,,,24.1575,119.8278,,,
41,Greater Changhua 2b (assumed),Wind,Offshore,PP,TW,337.1,,,,,,2025,,,24.23,120.0,,,
42,Changfang Xidao 1,Wind,Offshore,PP,TW,96.0,,,,,,2022,,,24.1115,120.2042,,,
43,Changfang Xidao 2,Wind,Offshore,PP,TW,499.2,,,,,,2022,,,24.1115,120.2042,,,
44,Yunlin (Yunneng) A,Wind,Offshore,PP,TW,320.0,,,,,,2025,,,23.5894,120.0289,,,
45,Yunlin (Yunneng) B,Wind,Offshore,PP,TW,320.0,,,,,,2025,,,23.5894,120.0289,,,
46,Chung-Neng,Wind,Offshore,PP,TW,294.5,,,,,,2025,,,23.9,120.15,,,
47,Deji,Hydro,Reservoir,PP,TW,234.0,,,,,,1974,,,24.2545,121.1655,,,
48,Chingshan,Hydro,Run-Of-River,PP,TW,368.0,,,,,,2015,,,24.2516,121.1019,,,
49,Kukuan,Hydro,Run-Of-River,PP,TW,217.6,,,,,,2000,,,24.2091,121.024,,,
50,Tienlun,Hydro,Run-Of-River,PP,TW,195.0,,,,,,1952,,,24.1846,120.9228,,,
51,Ma-an,Hydro,Run-Of-River,PP,TW,133.4,,,,,,1998,,,24.1822,120.8411,,,
52,Zhuolan,Hydro,Run-Of-River,PP,TW,80.0,,,,,,2003,,,24.3498,120.8812,,,
53,Wanda,Hydro,Reservoir,PP,TW,55.8,,,,,,2025,,,23.9754,121.1323,,,
54,Songlin,Hydro,Run-Of-River,PP,TW,20.9,,,,,,2025,,,23.9754,121.1323,,,
55,Takuan I,Hydro,Reservoir,PP,TW,110.0,,,,,,2025,,,23.8524,120.871,,,
56,Chukung,Hydro,Reservoir,PP,TW,43.6,,,,,,2025,,,23.8181,120.8569,,,
57,Shuili,Hydro,Run-Of-River,PP,TW,12.8,,,,,,1992,,,23.8117,120.8539,,,
58,Liwu,Hydro,Run-Of-River,PP,TW,32.0,,,,,,2025,,,24.1551,121.6272,,,
59,Longjian,Hydro,Run-Of-River,PP,TW,97.2,,,,,,1959,,,24.0037,121.426,,,
60,Bihai,Hydro,Run-Of-River,PP,TW,61.2,,,,,,2025,,,24.334,121.6416,,,
61,Wulai/Gueishan/Cukeng,Hydro,Run-Of-River,PP,TW,40.5,,,,,,2025,,,24.9025,121.5612,,,
62,Small hydro north,Hydro,Run-Of-River,PP,TW,31.1,,,,,,2025,,,24.6953,121.0978,,,
63,Small hydro central,Hydro,Run-Of-River,PP,TW,31.3,,,,,,2025,,,24.2702,120.7919,,,
64,Small hydro south,Hydro,Run-Of-River,PP,TW,7.2,,,,,,2025,,,23.2305,120.4473,,,
65,Small hydro east,Hydro,Run-Of-River,PP,TW,54.6,,,,,,2025,,,23.9677,121.4566,,,
66,Feitsui,Hydro,Reservoir,PP,TW,70.0,,,,,,2025,,,24.9095,121.5772,,,
67,Shihmen,Hydro,Reservoir,PP,TW,90.0,,,,,,1964,,,24.8132,121.2438,,,
68,Tsengwen,Hydro,Reservoir,PP,TW,50.0,,,,,,2025,,,23.2479,120.5329,,,
69,Yihsing,Hydro,Run-Of-River,PP,TW,40.0,,,,,,2025,,,24.777,121.3619,,,
70,Mingjian,Hydro,Run-Of-River,PP,TW,16.7,,,,,,2025,,,23.8352,120.7112,,,
71,Chianan Xikou/Wushantou,Hydro,Run-Of-River,PP,TW,13.7,,,,,,2025,,,23.2305,120.4473,,,
72,Beinan,Hydro,Run-Of-River,PP,TW,2.0,,,,,,2025,,,23.9677,121.4566,,,
73,Guanshan,Hydro,Run-Of-River,PP,TW,1.0,,,,,,2025,,,23.9677,121.4566,,,
74,Other purchased small hydro,Hydro,Run-Of-River,PP,TW,6.1,,,,,,2025,,,24.2702,120.7919,,,
75,Takuan II (Minghu),Hydro,Pumped Storage,Store,TW,1000.0,,6.0,,,,1977,,,23.8545,120.8708,,,
76,Mingtan,Hydro,Pumped Storage,Store,TW,1602.0,,6.0,,,,1993,,,23.8359,120.8686,,,
77,Batteries,Battery,Battery,Store,TW,852.7,,,,,,2025,,,24.15,120.65,,,
78,Solar 基隆市,Solar,Pv,PP,TW,28.3,,,,,,2022,,,25.1127,121.7122,,,
79,Solar 臺北市,Solar,Pv,PP,TW,81.3,,,,,,2021,,,25.0784,121.5684,,,
80,Solar 新北市,Solar,Pv,PP,TW,206.9,,,,,,2022,,,24.9847,121.7875,,,
81,Solar 桃園市,Solar,Pv,PP,TW,859.9,,,,,,2021,,,24.8498,121.2628,,,
82,Solar 新竹縣,Solar,Pv,PP,TW,227.2,,,,,,2021,,,24.6806,121.1609,,,
83,Solar 新竹市,Solar,Pv,PP,TW,56.5,,,,,,2021,,,24.78,120.9745,,,
84,Solar 宜蘭縣,Solar,Pv,PP,TW,202.1,,,,,,2021,,,24.6465,121.6495,,,
85,Solar 苗栗縣,Solar,Pv,PP,TW,465.4,,,,,,2021,,,24.5094,120.8765,,,
86,Solar 臺中市,Solar,Pv,PP,TW,817.1,,,,,,2021,,,24.2208,120.8602,,,
87,Solar 彰化縣,Solar,Pv,PP,TW,1967.5,,,,,,2021,,,23.9894,120.4984,,,
88,Solar 雲林縣,Solar,Pv,PP,TW,1744.1,,,,,,2020,,,23.6686,120.4028,,,
89,Solar 南投縣,Solar,Pv,PP,TW,271.9,,,,,,2022,,,23.8349,120.9408,,,
90,Solar 嘉義縣,Solar,Pv,PP,TW,1473.8,,,,,,2021,,,23.4258,120.5154,,,
91,Solar 嘉義市,Solar,Pv,PP,TW,52.0,,,,,,2021,,,23.4756,120.4549,,,
92,Solar 臺南市,Solar,Pv,PP,TW,3601.5,,,,,,2021,,,23.1485,120.3508,,,
93,Solar 高雄市,Solar,Pv,PP,TW,1473.7,,,,,,2021,,,22.9704,120.6397,,,
94,Solar 屏東縣,Solar,Pv,PP,TW,1571.0,,,,,,2021,,,22.3886,120.6568,,,
95,Solar 花蓮縣,Solar,Pv,PP,TW,203.3,,,,,,2021,,,23.7288,121.3995,,,
96,Solar 臺東縣,Solar,Pv,PP,TW,88.4,,,,,,2021,,,22.8342,121.0271,,,
